case,backend,cache,repeat,total,emit,startup_imports,layout_inference,nvcc,other_compilation,reference,execution_checks,artifact_io
arithmetic_control,triton,cold,0,4.106979058999968,1.5778221390000908,1.6418641449999996,,,0.7159956490004333,0.005137416997968103,1.71327631600343,0.030705531998137303
arithmetic_control,triton,warm,0,2.737260592999519,0.0023874630005593644,1.465922755000065,,,0.2740224409981238,0.004777231998559728,0.9657347500005926,0.026803415002177644
arithmetic_control,tilelang,cold,0,36.28484702999958,0.004063308999320725,2.5819076199995834,11.805416487000002,13.74486476400034,3.5398333949960943,0.008435933999862755,4.583284598001228,0.02110423200247169
arithmetic_control,tilelang,warm,0,4.1941455060004955,0.0027051399993069936,2.821782759000598,,,0.353359738999643,0.005691583997759153,0.9971500090041445,0.016161414998350665
control_calls_control,triton,cold,0,4.361711653000384,1.0770637530004024,1.7220280490000732,,,0.8156323199991675,0.010249632999148162,1.7853070359969934,0.028494615005001833
control_calls_control,triton,warm,0,4.2389148639995256,0.003652909999800613,1.6887346479998087,,,0.39021820700145327,0.010537555001064902,2.1097461359941008,0.03967831800309796
control_calls_control,tilelang,cold,0,169.97116854700016,0.005367020000448974,7.744880478000596,125.15853600499759,25.22374153200053,7.845003445003385,0.03270738600167533,3.9274770289994194,0.03882267199696798
control_calls_control,tilelang,warm,0,6.705591846999596,0.07916849499997625,4.124965137999425,,,1.1904967399987072,0.013937294001152623,1.3541164449989083,0.02207623000140302
indexed_memory_control,triton,cold,0,4.349437330000001,1.1971863749995464,1.8365915210006278,,,0.6831207109999013,0.013085741000395501,1.7938093170014326,0.022830039997643325
indexed_memory_control,triton,warm,0,3.9713411250004356,0.002511083999706898,2.3308215380002366,,,0.43117463599810435,0.013433479001832893,1.1542586750019836,0.04165279699827806
indexed_memory_control,tilelang,cold,0,32.028106253999795,0.013264237999464967,3.69680732300003,6.865575185001035,13.411419953000404,5.815260522994322,0.009208592999129905,2.207898636000209,0.02193604100466473
indexed_memory_control,tilelang,warm,0,3.9398463140005333,0.002565169999797945,2.7008419180010605,,,0.2998416449991055,0.010231383001155336,0.9096261220001907,0.01930524599902128
mixed,triton,cold,0,5.963023061999593,1.1426480130003256,1.888906205999774,,,1.39542677600366,0.03516861699972651,2.5935046179984056,0.0500168449980265
mixed,triton,warm,0,4.706621725000332,0.006228759999430622,1.643136079001124,,,0.29915429199900245,0.02779000200007431,2.6830536080024103,0.05348774399772083
mixed,tilelang,cold,0,164.96559363300003,0.008636149000267324,4.67579884099996,110.4973409410004,14.238261552999575,14.186970058000043,0.0404156390013668,21.275954169993383,0.05085243100529624
mixed,tilelang,warm,0,29.825989101000232,0.02712710300056642,6.472697481999603,,,2.0947186050007076,0.04183917999944242,21.183784117004507,0.03294971699597227
mixed,tilelang,cold,1,150.12292266299937,0.013380549999965297,4.268268447999617,111.98028746300042,15.194497712999691,14.811392595001962,0.09188323299895274,3.7314060400003655,0.04518717099836067
mixed,tilelang,warm,1,7.009761817999788,0.01719375500033493,3.7169258559997616,,,1.5743786160010131,0.03704756499882933,1.657096068998726,0.024313712001458043
mixed,triton,cold,1,6.234976368999924,0.009317259999988892,1.7183523889998469,,,1.5104725119981595,0.032765382999969006,2.9107033279979078,0.06268275700404047
mixed,triton,warm,1,3.7635296119997292,0.0062935670002843835,1.7266073030004918,,,0.3065242729990132,0.02955085399935342,1.643716802002018,0.05713037999885273
mixed,triton,cold,2,5.941302072999861,0.005642523000460642,1.7896880469997996,,,1.4490289709992794,0.033880056000271,2.608275364002111,0.060429634998399706
mixed,triton,warm,2,4.015978938999979,0.006057053999938944,1.8492857729997922,,,0.2950576339990221,0.052570176000699576,1.7631490100002338,0.05591634600023099
mixed,tilelang,cold,2,140.93111213300017,0.011244762999922386,4.322664395000174,104.43257985599939,15.227239367999573,13.348897080003553,0.034266434999153716,3.527493484003571,0.03797151499475149
mixed,tilelang,warm,2,7.8143323659996895,0.021891992999371723,3.918831732000399,,,1.5046351989967661,0.046753607998653024,2.324005319003845,0.020106508000026224
mixed_single,triton,cold,0,3.5346468590005315,1.2042706940001153,1.871219944000586,,,0.5757820999988326,0.03681639800015546,1.0365028140013237,0.014325602999633702
mixed_single,tilelang,cold,0,37.83028153699979,0.007030417999885685,3.0076019360003556,26.99538106,3.5905402710004637,3.4175034599993523,0.03194945899940649,0.777074254998297,0.01023109600191674
native_matched,triton,cold,0,4.314791650999723,1.3361193239998101,1.9971676359991761,,,0.8476962079985242,0.36051310500079126,1.1094147020012315,
native_matched,triton,warm,0,3.315300123999805,0.0073825119998218725,2.0739589670001806,,,0.4235300640002606,0.20720981499925983,0.6106012780001038,
native_matched,tilelang,cold,0,41.460448155999984,0.008279583000330604,4.390675923999879,21.751191299999846,7.723148892000609,3.579703299999892,2.315506175000337,1.7002225649994216,
native_matched,tilelang,warm,0,4.7412278020001395,0.00991871399946831,3.052670770000077,,,0.16290460900017933,0.33390517699990596,1.1917472459999772,
shape_matmul_control,triton,cold,0,3.8720293599999422,1.0867076349995841,1.652244576999692,,,0.7311834120009735,0.037379790001068613,1.423956893997456,0.02726468700075202
shape_matmul_control,triton,warm,0,2.728034869000112,0.0012818839995816234,1.668904017999921,,,0.280483455000649,0.039660107000599965,0.709564896998927,0.029422392000014952
shape_matmul_control,tilelang,cold,0,27.50894797700039,0.003993991999777791,2.864892823000446,5.44231545599996,12.895216759001414,4.237124013999164,0.01212699200186762,2.039320404001046,0.017951528996491106
shape_matmul_control,tilelang,warm,0,3.8829539360003764,0.0015969000005497946,2.7556368370005657,,,0.3859653019990219,0.01153964500008442,0.7090519230014252,0.020760228999279207
